id,firstName,lastName,email
5842432b-6b6a-4cc1-bf83-851df9f85a77,firstName-5842432,lastName-5842432,email-5842432
11958960-7d0a-4983-afc6-00e82fc419d7,firstName-11958960,lastName-11958960,email-11958960
11958961-3eb0-4417-a90d-50a3b003d0fc,firstName-11958961,lastName-11958961,email-11958961
11958962-889b-4b58-afbb-b0766feff244,firstName-11958962,lastName-11958962,email-11958962
11958963-aa11-43a7-b289-c9ac98dc32fc,firstName-11958963,lastName-11958963,email-11958963
11958964-1515-4d57-b70d-50c1decca2de,firstName-11958964,lastName-11958964,email-11958964
11958965-b717-49c9-8919-7fc787a8ee73,firstName-11958965,lastName-11958965,email-11958965
11958966-cf30-4533-8d8d-d9a62e6b1433,firstName-11958966,lastName-11958966,email-11958966
11958967-e8a7-44a5-9369-77aca468c514,firstName-11958967,lastName-11958967,email-11958967
11958968-29c4-4222-a662-f203d9e0dee5,firstName-11958968,lastName-11958968,email-11958968